{"cameraMode":{"drawMode":0,"name":"Shaded","section":"Shading Mode"},"sceneLighting":true,"audioPlay":false,"sceneViewState":{"m_AlwaysRefresh":false,"showFog":true,"showSkybox":true,"showFlares":true,"showImageEffects":true,"showParticleSystems":true,"showVisualEffectGraphs":true,"m_FxEnabled":true},"in2DMode":false,"pivot":{"x":1.7685718536376954,"y":0.3104829788208008,"z":24.804044723510743},"rotation":{"x":0.2024429738521576,"y":-0.7282423377037048,"z":0.24238695204257966,"w":0.6082249879837036},"size":12.12435531616211,"orthographic":false}