{"cameraMode":{"drawMode":0,"name":"Shaded","section":"Shading Mode"},"sceneLighting":true,"audioPlay":false,"sceneViewState":{"m_AlwaysRefresh":false,"showFog":true,"showSkybox":true,"showFlares":true,"showImageEffects":true,"showParticleSystems":true,"showVisualEffectGraphs":true,"m_FxEnabled":true},"in2DMode":false,"pivot":{"x":5.6342902183532719,"y":4.583194255828857,"z":16.797243118286134},"rotation":{"x":-0.0030244127847254278,"y":-0.992529034614563,"z":-0.1193699911236763,"w":0.025155043229460717},"size":0.2922912836074829,"orthographic":false}